Round,Playing times,Result,Accumulating_winning_rate
1,21,fail,0.0
2,16,win,0.5
3,18,fail,0.3333333333333333
4,57,win,0.5
5,91,fail,0.4
6,21,fail,0.3333333333333333
7,17,fail,0.2857142857142857
8,17,fail,0.25
9,47,fail,0.2222222222222222
10,15,fail,0.2
