Round,Playing times,Result,Accumulating_winning_rate
1,51,win,1.0
2,14,fail,0.5
3,96,fail,0.3333333333333333
4,24,fail,0.25
5,95,win,0.4
6,25,fail,0.3333333333333333
7,33,fail,0.2857142857142857
8,14,fail,0.25
9,21,fail,0.2222222222222222
10,28,fail,0.2
